"","Group.1","x"
"1","10002",13051.2220252822
"2","10003",37521.3955649355
"3","10005",1761.24455072463
"4","10006",577.827166165883
"5","10007",2460.49072727273
"6","10009",33748.2262860595
"7","1001",6366.78819014762
"8","10011",31800.407227618
"9","10012",66854.7471609169
"10","10013",28664.5137989257
"11","10014",4378.51822539454
"12","10015",21617.8312651949
"13","10016",6633.77201364649
"14","10018",65068.7480481609
"15","10019",28451.7548653535
"16","1002",10353.1040772054
"17","10021",1469.34997474747
"18","10022",9979.15940227602
"19","10023",11954.6607680467
"20","10024",3171.5564122807
"21","10025",28595.9374337879
"22","10026",2346.74560554985
"23","10027",59327.8679095055
"24","10028",293.40523076923
"25","10029",17703.7058080878
"26","1003",2858.01599269289
"27","10030",23131.3896375119
"28","10031",382.73
"29","10032",387.24
"30","10033",2136.69550737422
"31","10034",21094.1134003879
"32","10035",1755.53681710795
"33","10036",79130.8131729433
"34","10037",97794.7398864933
"35","10038",10621.5576122684
"36","10039",29726.2217569952
"37","1004",5528.49793373301
"38","10040",100368.803265961
"39","10043",25418.0864939299
"40","10045",29597.8457414052
"41","10046",36772.5303212456
"42","10047",956.457999999999
"43","10048",25482.7026986464
"44","10049",16611.0548831471
"45","10050",241619.626618228
"46","10051",6887.14287705445
"47","10054",49147.0832488686
"48","10055",9380.24475728712
"49","10056",62745.1907528709
"50","10058",2933.17689402867
"51","10059",1648.11067919025
"52","10061",32393.0721310559
"53","10062",21167.271373469
"54","10063",53376.3295083812
"55","10064",8090.14308052523
"56","10069",1649.2
"57","1007",1906.70252068208
"58","10070",2346.95597646144
"59","10071",6780.19350240548
"60","10072",6655.80506011248
"61","10073",58411.3988864171
"62","10074",328486.105782799
"63","10075",19173.4746817667
"64","10076",126.24
"65","10077",54269.0889942961
"66","10078",40009.3843232676
"67","10079",7371.12330081863
"68","1008",1950.03250065817
"69","10080",8212.02495404072
"70","10083",133420.889137026
"71","10084",15878.5664509035
"72","10085",25331.1115835328
"73","10086",294186.149468602
"74","10087",13299.6478467308
"75","10089",6916.02620863533
"76","10090",8639.12942272769
"77","10091",34625.3489230873
"78","10092",53265.1444675402
"79","10093",79254.7305180853
"80","10096",4506.69431124733
"81","10097",31741.4280501903
"82","10098",34865.0863213031
"83","10099",17944.4888866054
"84","1010",5196.00111807347
"85","10100",103.55
"86","10101",20146.399736446
"87","10102",4314.5921277078
"88","10104",35390.6952814756
"89","10105",44616.2236251112
"90","10106",2134.67313785108
"91","10107",122306.455163752
"92","10108",512.789999999999
"93","10109",35544.4307412696
"94","1011",169410.743963777
"95","10111",14999.4915056748
"96","10112",39453.3708189722
"97","10113",24792.6359306761
"98","10114",8866.23059593571
"99","10115",64002.1266796922
"100","10117",33095.3565344198
"101","10118",5010.11951132081
"102","10119",43711.4437169951
"103","1012",961.876430778959
"104","10120",18655.5169618471
"105","10121",209161.525479038
"106","10122",6742.00791292674
"107","10124",9466.80745717114
"108","10125",12212.0785750664
"109","10126",63517.324148912
"110","10128",51051.2416835559
"111","1013",1433.23966540409
"112","10131",36191.4989910328
"113","10132",9944.66349539107
"114","10133",4033.67119109127
"115","10135",16169.7809897449
"116","1016",155.529519312847
"117","1017",166.972614832007
"118","1018",2635.02445065329
"119","1019",883.755674338101
"120","1022",8104.01293243917
"121","1024",9852.58172684162
"122","1025",7982.63171878909
"123","1026",52009.3120204671
"124","1028",3771.19649769232
"125","1029",205.528827407863
"126","1031",141.677151367151
"127","1032",7308.64150430266
"128","1033",4756.41612230265
"129","1036",18176.2995092499
"130","1037",7610.30902888173
"131","1038",5431.60104075521
"132","1039",14224.4000159604
"133","1040",1718.01461325332
"134","1044",1191.70288628013
"135","1045",974.32
"136","1046",1568.82716076114
"137","1047",170.689467874152
"138","1048",1478.57120981882
"139","1049",87.0018330039525
"140","1051",70305.9236459833
"141","1053",660.394220033179
"142","1054",6962.83211574225
"143","1057",62571.9105343573
"144","1059",50604.6465588197
"145","1060",168.320227494641
"146","1061",9185.42177676044
"147","1063",490.534597895824
"148","1064",20378.5489107337
"149","1066",1097.4036460404
"150","1068",161.547892740825
"151","1070",130.394941553072
"152","1071",170.197730974306
"153","1072",198.765185192583
"154","1073",4097.09470825288
"155","1074",9008.83945909344
"156","1075",8333.59481022023
"157","1077",2582.8467802402
"158","1078",1810.50686444322
"159","1079",165.331739344666
"160","1081",1064.40816870331
"161","1082",44223.3224447504
"162","1083",74.9100256695473
"163","1084",166.391865137865
"164","1086",1589.85777450426
"165","1088",2415.23759211664
"166","11002",30539.7622683891
"167","11004",2557.16537288021
"168","11006",63422.2283138539
"169","11007",210793.994994683
"170","11008",133360.937221631
"171","11009",22397.9114396555
"172","11010",4883.64392738303
"173","11011",1730.96669764348
"174","11013",2499.8440806083
"175","11014",18.6561224489796
"176","11015",4309.86357305296
"177","11017",2156.64447272329
"178","11018",20437.3997476914
"179","11020",58.5
"180","11021",3876.96353499986
"181","11023",12546.8716476864
"182","11024",20353.6632395646
"183","11025",6003.69760998185
"184","11029",206.224066666667
"185","11032",42345.0689210742
"186","11033",1778.72048885976
"187","11034",10661.2093561484
"188","11035",5205.66446706583
"189","11036",4547.49685606881
"190","11039",333.361757374324
"191","11040",960.192516751302
"192","11041",6776.70893619416
"193","11043",36234.9625023958
"194","11044",1977.16107845596
"195","11045",1865.95183088877
"196","11046",9176.05043094755
"197","11047",12870.4677961883
"198","11048",14092.8967469416
"199","11049",7440.15604360467
"200","11053",287.914736842105
"201","11055",2200.64412045319
"202","11057",2399.63420594461
"203","11059",45464.7229218653
"204","11062",5554.78007398144
"205","11066",582.769999999999
"206","11067",1502.95721591948
"207","11068",3297.73436975854
"208","11071",2945.36282874395
"209","11072",4877.28633326353
"210","11073",12933.6038261777
"211","11075",43789.5043432893
"212","11078",68405.6228265462
"213","11080",52130.6516259592
"214","11081",410.7772899729
"215","11083",1078.68507710684
"216","11085",1542.77199914281
"217","11088",476.372105263157
"218","11089",371.791584485406
"219","11090",13167.8016313767
"220","11094",328.734705882353
"221","11096",28183.4410052243
"222","11098",20018.2841024567
"223","11099",30157.4183532007
"224","11100",416.016248765344
"225","11101",670.756866904061
"226","11102",82093.7145185458
"227","11103",3584.98806665819
"228","11104",22503.5797558556
"229","11105",309.28
"230","11107",268.935877777719
"231","11108",8496.73357807475
"232","11109",19602.2418397785
"233","11112",34.51
"234","11114",346.459999999993
"235","11115",1636.39463415139
"236","11117",9749.93628153288
"237","11119",17296.7712461641
"238","11120",8119.82614866382
"239","11122",1715.08472575288
"240","11124",23899.7737478284
"241","11126",11971.1074658236
"242","11128",7772.06037614246
"243","12001",8072.5334837454
"244","12003",58367.0247598163
"245","12005",470.051428571428
"246","12007",1643.14109904749
"247","12010",1635.49416277255
"248","12012",191.74
"249","12013",7452.70027409059
"250","13003",444.153299421062
"251","13004",34591.9979276769
"252","13005",50.61
"253","13006",3399.72688325991
"254","13007",4376.72232482371
"255","13009",8450.05086442844
"256","13010",143.3
"257","13017",15893.6429997645
"258","13020",6723.24383065
"259","13021",165.38
"260","13023",149.77
"261","13024",2660.78724862032
"262","13025",51.8727272727268
"263","13026",3813.30614751741
"264","13028",13096.765698603
"265","13030",927.435532093667
"266","13033",939.720952853598
"267","13035",192.65
"268","13037",928.642444444444
"269","13038",8220.32821434332
"270","13039",152.18
"271","14002",16102.7984641247
"272","14003",1069.57415584416
"273","14004",50408.9098346506
"274","14005",27241.2313738391
"275","14006",39684.24950318
"276","14007",37028.7686382129
"277","14008",3027.22026542539
"278","14010",25570.9837139488
"279","14011",24366.6539884333
"280","14012",16747.1346279499
"281","14014",421.357528578592
"282","14015",35316.1001906477
"283","14019",163.76
"284","14020",8990.37846842846
"285","14022",50.19
"286","14023",379982.841914891
"287","14024",22298.150672286
"288","14027",216.952753051725
"289","14028",7791.34715758516
"290","14029",21146.656351791
"291","14031",7343.29365613349
"292","14032",20750.1527037427
"293","14035",14289.6154848408
"294","14036",1720.44903565255
"295","14037",55109.2394279326
"296","14038",9386.85698176266
"297","14039",30406.3304533411
"298","14040",34067.5474508753
"299","14045",2563.98717235557
"300","14047",7607.09687778048
"301","14048",340.768895981975
"302","14049",71.8680122568611
"303","14050",9965.22285464626
"304","14051",5176.04184437823
"305","14052",337.989174560215
"306","14053",1869.40425576818
"307","14054",390.428141279972
"308","14055",12776.8766032349
"309","14057",16175.6167315504
"310","14058",6025.48623635889
"311","14059",3773.53987483165
"312","14060",6358.27215512683
"313","14062",45416.5563324911
"314","14063",23610.9519206455
"315","14066",5478.718243565
"316","14067",1857.31272727273
"317","14068",84595.6107531129
"318","14069",24640.9098453841
"319","14070",1098.57804457953
"320","14071",8861.59781194472
"321","14072",7866.02992826743
"322","14073",609.435016433089
"323","14074",44987.552354163
"324","14075",59.6699999999994
"325","14076",346.654568425523
"326","14077",1579.50668600256
"327","14078",33190.1223793137
"328","14079",7639.06616027486
"329","14080",11669.3068905773
"330","14082",11196.8449521014
"331","14083",583.006796781166
"332","14084",48048.2570618965
"333","14085",706.317370347989
"334","14089",59.6699999999999
"335","14090",10806.1478721516
"336","14092",806.115454545453
"337","14093",20751.3177659017
"338","14094",1012.67840338171
"339","14095",36245.5233213516
"340","14096",613.905282735456
"341","14097",106611.049951589
"342","14098",23753.5957796344
"343","14099",4802.62449015438
"344","14100",867.649447291359
"345","14101",54494.790742791
"346","14102",219.827352941176
"347","14104",32913.7028582016
"348","14105",2295.69199486455
"349","14106",47976.4267077014
"350","14107",246.157044058305
"351","14109",235.989787234042
"352","14111",1076.21391487379
"353","14112",20167.248739538
"354","14115",1600.54360810574
"355","14116",56269.3271396116
"356","14117",55490.0349175252
"357","14120",841.176778772379
"358","14123",479.549999999999
"359","14124",1858.63303616637
"360","14125",23333.5837862055
"361","14128",88592.2612751089
"362","14131",4751.289989826
"363","14132",236.281429897864
"364","14136",35832.1594456544
"365","14138",149.08
"366","14139",24260.0334460154
"367","14140",611.166364970951
"368","14141",46656.147624075
"369","14143",1843.45189649304
"370","14146",343.97
"371","14147",7341.58704805972
"372","15001",21223.7630410052
"373","15002",1174.38471104965
"374","15003",735.709677002583
"375","15004",2645.2445658147
"376","15005",4179.65789893775
"377","15006",20059.5084898675
"378","15007",19488.955305036
"379","15008",2637.34357067718
"380","15009",2902.79908578482
"381","15010",4764.81112144069
"382","15013",279.71
"383","15014",1248.95477017667
"384","15015",5705.78381444536
"385","15017",480.19
"386","15018",103.836923076923
"387","15019",12101.7369551476
"388","15020",5983.35844018747
"389","15021",932.021554225981
"390","15022",10063.0598786614
"391","15023",5040.19262193762
"392","15024",30679.9047243739
"393","15025",1011.30018294147
"394","15026",49444.5514237503
"395","15027",70244.8002873448
"396","15028",1024.04963282937
"397","15029",4689.23561994678
"398","15030",50619.3607838718
"399","15031",1036.08826388889
"400","15032",553.388160108544
"401","15033",3073.31371490226
"402","15034",684.13
"403","15035",21151.6412198814
"404","15039",155481.492518334
"405","15040",696.929011201028
"406","15041",7997.33861362191
"407","15042",734.14382447665
"408","15043",1080.66049468377
"409","15044",9430.67834183254
"410","15045",60843.3633044205
"411","15047",8293.84463193876
"412","15048",6235.34776973155
"413","15051",1546.24678334843
"414","15052",4725.19086620491
"415","15053",4488.55530147783
"416","15054",212.47
"417","15055",12066.5188159081
"418","15056",1401.79378338244
"419","15057",27454.5968843617
"420","15058",46716.4517519497
"421","15059",13781.0062167317
"422","15060",995.88
"423","15061",5351.01109094892
"424","15062",47.1897560975609
"425","15064",4952.77999278021
"426","15066",1030.66992636602
"427","15067",165.227532773224
"428","15068",226.99
"429","15070",8849.04663633285
"430","15071",1566.03956521739
"431","15072",347.661806534273
"432","15073",3755.4051059698
"433","15074",4221.27996875518
"434","15075",633.47334676761
"435","15076",79167.9139753196
"436","15077",1440.94895199746
"437","15078",370.909670452214
"438","15079",27471.8055273798
"439","15080",4406.27730604844
"440","15082",31785.1926059091
"441","15083",11475.8772795283
"442","15085",1242.25695330113
"443","15086",2177.11980398956
"444","15088",1502.13154280747
"445","15091",169.95
"446","15093",3577.13973419243
"447","16001",297.44375
"448","16003",22134.648803019
"449","16005",676.09
"450","16009",829.834922895871
"451","16011",4655.47454046287
"452","16012",667.29
"453","16013",428.059999999999
"454","16014",37591.8903117154
"455","16020",80.45
"456","16021",24989.607015595
"457","16022",1491.78966775495
"458","16024",20940.7668467256
"459","16026",1306.27764039655
"460","16027",22785.0121481243
"461","16029",613.66746956562
"462","16030",57.9799999999999
"463","16031",54727.2944148185
"464","16032",7945.02400078936
"465","16036",994.395359901325
"466","16037",1914.21317419945
"467","16039",4390.57979649365
"468","16040",5319.15374196847
"469","16042",147.292609581844
"470","16044",1823.27779735558
"471","16048",783.237917808219
"472","16054",59539.5206198691
"473","16055",189.11
"474","16057",141.39
"475","16060",227.21
"476","16061",356.532777777778
"477","16062",100.67
"478","16063",263.01
"479","16065",57.9799999999999
"480","16067",13936.2202417242
"481","16068",12579.1899190796
"482","16069",419.6
"483","16073",6969.97293367159
"484","16076",2806.9172692352
"485","16077",282.420588235294
"486","16079",177.518141757893
"487","16080",31.98
"488","16081",73.1799999999996
"489","16083",10322.3790751953
"490","16084",33.6599999999999
"491","16085",796.262083333332
"492","16088",33.6599999999981
"493","16097",239.563331446795
"494","16098",10867.3934568755
"495","16099",3468.6112561177
"496","16101",2031.670501175
"497","16106",19594.3586419154
"498","16109",2015.12
"499","16110",115.96
"500","17001",565.223214285714
"501","17003",861.911804712595
"502","17005",34.25
"503","17011",254.844828239289
"504","17015",789.4964457006
"505","17017",4250.97430568989
"506","17024",9193.14400569742
"507","17025",850.114852625394
"508","17029",8890.14273359102
"509","17031",437.968730439018
"510","17033",4240.45074604979
"511","17034",143.751392045455
"512","17037",1456.99907103329
"513","17038",1665.25783165381
"514","17041",479.78
"515","17042",63820.0194248756
"516","17045",713.509999999999
"517","17047",312.279999999999
"518","17051",1667.47693181818
"519","17052",11670.1556792982
"520","17054",309.699999999999
"521","17058",42798.7008823015
"522","17059",527.603533916508
"523","17064",2552.16078705647
"524","17065",2165.60881141477
"525","17067",4104.37428496269
"526","17068",32.3895238095238
"527","17071",16945.306021741
"528","17075",364.467902095974
"529","17083",4218.28003444007
"530","17084",38.71
"531","17085",174.77
"532","17086",32.54
"533","17087",11358.073611287
"534","17088",172.78
"535","17089",86.42
"536","17091",503.201439236617
"537","17094",34.1045945945946
"538","17096",1430.33021645022
"539","17098",752.132299465241
"540","17102",33.91
"541","17103",16729.2499000843
"542","17108",26287.1796486388
"543","17114",458.332223069008
"544","17115",27364.6355498887
"545","17117",557.19
"546","17120",74.3099999999996
"547","17121",942.564999999999
"548","17123",131130.55031995
"549","17125",773.569219831095
"550","18001",5218.95795540788
"551","18002",38393.1608817109
"552","18003",288.091714285714
"553","18004",4278.93237403819
"554","18006",488.789999999999
"555","18007",26827.4024812372
"556","18009",1261.17254008521
"557","18011",12155.5566844597
"558","18014",1540.12855306876
"559","18015",11235.6626145587
"560","18016",18602.3250426108
"561","18017",2679.10569307071
"562","18018",13023.9244440192
"563","18019",15242.8900351519
"564","18020",1319.93761672432
"565","18021",1521.40208495529
"566","18022",6921.36712501063
"567","18023",12020.3315817883
"568","18024",2958.23074057425
"569","18026",2261.11730693023
"570","18027",4242.90438164649
"571","18029",4304.60086557487
"572","18030",4765.77319666989
"573","18031",8236.80286317546
"574","18032",754.748349436393
"575","18033",206.802573099415
"576","18034",17393.0122573709
"577","18035",814.704816421827
"578","18036",4719.78728691586
"579","18039",729.874235657607
"580","18041",4631.74279088558
"581","18043",790.359999999999
"582","18044",2817.19952517558
"583","18045",110415.604777176
"584","18047",15790.3600473648
"585","18048",3378.36997642161
"586","18049",156640.675695377
"587","18050",11506.8712177895
"588","18051",5371.31000416275
"589","18054",5803.76673358152
"590","18055",650.583290394357
"591","18057",5614.75276605043
"592","18059",1751.44967536095
"593","18062",477.83
"594","18063",5997.84877638178
"595","18064",18498.1846324942
"596","18066",16662.2309084702
"597","18067",1196.8462022548
"598","18068",884.699584680376
"599","18069",23009.0176748583
"600","18071",9154.91497585508
"601","18073",8223.81367034668
"602","18074",142.609090909091
"603","18075",2280.71877083233
"604","18078",4206.84841122925
"605","18079",8991.16986258311
"606","18080",2343.04284697541
"607","18082",367.95
"608","18084",545.25
"609","18085",2626.98071511772
"610","18087",3957.80320021198
"611","18089",12656.2223053339
"612","19001",626.481255277484
"613","19002",26565.7259994823
"614","19003",54.8199999999996
"615","19007",95257.6549784386
"616","19009",945.470580043338
"617","19018",23351.4932484378
"618","19019",3382.83717282591
"619","19021",1587.88002994176
"620","19022",306.309999999999
"621","19024",742.739992962703
"622","19027",80.49
"623","19028",1662.35794031006
"624","19030",5235.52937136836
"625","19033",19947.9216047186
"626","19035",1181.54760736196
"627","19036",21206.3552599547
"628","19040",1918.56363586956
"629","19046",91356.3393757352
"630","19047",29179.8484838476
"631","19049",2228.88067997355
"632","19050",2531.36737936845
"633","19053",1211.33858663258
"634","19057",11515.9287660482
"635","19059",21246.7221451864
"636","19060",3834.24965611319
"637","19061",32636.8868018608
"638","19062",2225.23287610508
"639","19064",1237.5871627302
"640","19065",11507.9927803788
"641","19066",71127.0246300763
"642","19071",12108.1641099442
"643","19075",33.7966940692892
"644","19077",6969.23670998042
"645","19078",4335.66948399756
"646","19080",87578.2742038133
"647","19081",10030.2484194394
"648","19086",15944.1362189269
"649","19087",7055.05832085092
"650","19090",9944.40031098569
"651","19091",36.51
"652","19092",325.95
"653","19093",2478.78986090972
"654","2001",107405.797015611
"655","2003",4991.46263600157
"656","2004",262.4
"657","2005",224.41
"658","2006",2422.56004480171
"659","2009",4036.41950597501
"660","2010",102.56
"661","2012",880.926779661017
"662","2013",777.659999999999
"663","2017",296.678888888889
"664","21001",67564.7313315946
"665","21002",373711.665226181
"666","21003",43161.7291960379
"667","21004",4454.83047815739
"668","21005",4681.11889526017
"669","21006",10377.0597729385
"670","21007",35961.9946514491
"671","21008",32804.1498707785
"672","21009",1359.40834512022
"673","21010",59968.1307034573
"674","21011",5837.69495227021
"675","21012",5733.78756988476
"676","21013",29120.0694295846
"677","21014",39184.7222152747
"678","21016",34414.011964111
"679","21017",41994.1947688082
"680","21018",5121.49049940613
"681","21019",6754.61326295923
"682","21020",64188.9995043436
"683","21021",11044.0515940452
"684","21022",11320.6688192877
"685","21023",3180.95912532689
"686","21024",26605.6343238645
"687","21025",6297.73382236733
"688","21026",41569.6674971252
"689","21028",50093.5262339587
"690","21029",32856.7116656191
"691","21030",57235.1412601644
"692","21031",15420.6258616798
"693","21033",21728.6845242244
"694","22051",228.234105277178
"695","23002",3113.38036292872
"696","23004",496.977745629897
"697","23005",8299.59870046789
"698","23006",6398.9072381291
"699","23007",88338.6269237417
"700","23008",722.077681763925
"701","23009",92882.8083313141
"702","23010",22316.9827051191
"703","23012",207.31
"704","23013",1567.62756804629
"705","23014",7594.94026600984
"706","23015",3284.00014167221
"707","23017",660.4
"708","23018",3083.73758719788
"709","23020",2282.68794175754
"710","23021",626.779999999996
"711","23022",406.161425576519
"712","23024",81019.4103890904
"713","23025",399.57
"714","23026",138775.378030352
"715","23027",166.727276390008
"716","23029",1426.44273901175
"717","23030",21343.9862921689
"718","23031",136866.163022246
"719","23034",12864.0533904902
"720","23035",1280.23213961491
"721","23036",636.147277844605
"722","23038",1731.2991060606
"723","23039",75691.5544640284
"724","23040",2724.87257164952
"725","23041",2520.27683973686
"726","23042",40444.0159847279
"727","23044",1071.47184787252
"728","23049",3769.8301925829
"729","23050",4280.61145293866
"730","23053",1726.26779869161
"731","23054",1519.94843924192
"732","23055",198.51759090909
"733","23057",22963.9003671489
"734","23058",27501.6627960135
"735","23062",50851.4376627614
"736","23063",18066.6506787528
"737","23066",39227.5352684088
"738","23067",4996.34696767862
"739","23068",4924.603221733
"740","23069",4081.9610632489
"741","23071",380.555036764705
"742","23072",8480.04479668746
"743","23073",2178.14375565486
"744","23074",9681.89063629843
"745","23075",6839.83703329239
"746","23076",8933.00944026825
"747","23078",36191.8459570768
"748","23079",4407.80693624542
"749","23080",2170.71433831239
"750","23081",21209.6183671911
"751","23082",1031.01976180458
"752","23086",10047.1634272457
"753","23088",18597.3522711418
"754","23091",73594.709891524
"755","23092",23958.6498605535
"756","23094",104.18
"757","23095",45990.7625997087
"758","23097",75336.7948780469
"759","23098",93058.5038878631
"760","23099",362.498828976034
"761","23101",3189.34738896125
"762","23104",2212.50879085173
"763","23105",71565.8851728683
"764","23108",2478.18895033887
"765","23109",12712.5249710533
"766","23110",2979.1190761364
"767","23111",4015.92969250038
"768","23113",18536.3112044863
"769","23114",430.567142857143
"770","23115",1208.09854367201
"771","23116",28379.1078701809
"772","23117",15887.3371898587
"773","23118",37067.1327900401
"774","23119",65643.2438859661
"775","23121",9369.01503840651
"776","23122",3631.70050602555
"777","23124",27313.0478113481
"778","23127",59.64
"779","24003",660.16
"780","24005",1001.25439823179
"781","24006",10600.6948429284
"782","24010",1234.95777734958
"783","24013",6369.40955872205
"784","24017",4137.97586360215
"785","24018",2097.66979193115
"786","24019",2196.03096145206
"787","24020",9910.43152547249
"788","24021",1532.79337108634
"789","24024",823.034166666666
"790","24025",1364.98719927062
"791","24028",619.40303030303
"792","24029",233.01
"793","24030",25.5599999999997
"794","24032",1363.76074016568
"795","24033",26649.0985318646
"796","24037",1246.92248642055
"797","24038",631.130279394934
"798","24039",629.203214285713
"799","24040",905.176598669248
"800","24046",25.5599999999998
"801","24047",498.8
"802","24052",830.056224719553
"803","24055",35.1099999999998
"804","24056",389.729999999999
"805","24061",496.302539446469
"806","24065",654.806309878934
"807","24071",6443.43594775162
"808","24072",6416.95224989217
"809","24073",1483.86120486758
"810","24076",128139.795200505
"811","24077",840.086288100968
"812","24078",976.053317896046
"813","24081",486.598550110742
"814","24082",137.575714285714
"815","24084",34.7915217391304
"816","24085",536.161801958764
"817","24087",489.99
"818","24090",373.150407017543
"819","24091",60.6699999999995
"820","24095",112.46749466659
"821","24096",37.2661538461538
"822","24097",236.578
"823","24098",956.165230566534
"824","24100",13272.5162748027
"825","24101",93430.630020794
"826","24102",864.837334447437
"827","24104",97.5953684210526
"828","24105",64.3465432098763
"829","24106",1460.70661263416
"830","24107",198.19
"831","24108",202.47
"832","24113",21124.5091161019
"833","24115",9851.09323076505
"834","24116",58861.5192090536
"835","24117",1009.25626406148
"836","24118",431.8655
"837","24120",9231.50271120229
"838","24121",856.324371158392
"839","24122",174.74
"840","24124",475.43
"841","24126",1173.44785140882
"842","24128",965.01
"843","24129",198.19
"844","24130",35.1099999999997
"845","24131",724.729999999999
"846","24135",3519.94566189109
"847","24136",329.34
"848","24137",1753.24241249752
"849","24138",215.157181057133
"850","24141",358.807142857142
"851","25003",996.184260033445
"852","25004",5452.94996405386
"853","25006",1686.37798525799
"854","25007",200.166638996794
"855","25008",4458.79018794097
"856","25009",1498.92
"857","25011",1742.425109017
"858","25014",711.841370307155
"859","25017",3306.45495595456
"860","25020",79.4229310344828
"861","25021",11733.6439578486
"862","25022",9919.14547147295
"863","25029",7172.31789565318
"864","25030",2482.64055213187
"865","25031",1505.76004898141
"866","25032",6994.28949405603
"867","25033",35103.9312577395
"868","25039",90917.1670169308
"869","25040",279.9
"870","25041",11390.7197844389
"871","25042",5383.34822349395
"872","25044",1207.11238966063
"873","25045",1745.61203049438
"874","25053",14231.1567105433
"875","25055",3
"876","25056",24979.1285966318
"877","25059",6923.49307755178
"878","25060",360.88125
"879","25063",1030.15107242776
"880","25064",11620.5237591107
"881","25070",3.22
"882","25072",554.121232876711
"883","25082",1947.06599097727
"884","25084",32247.0769383859
"885","25085",893.829999999998
"886","25087",7156.07487633865
"887","26003",760.770760239694
"888","26004",32.1130112359548
"889","26005",2055.97638916189
"890","26006",4784.21040816326
"891","26009",8482.18063938327
"892","26010",25.7442799188641
"893","26011",267.861658132344
"894","26012",1051.38682786465
"895","26013",13352.1453145442
"896","26020",3172.5077287191
"897","26021",69185.3606098363
"898","26022",59273.4683957092
"899","26025",313.359901960784
"900","26028",1026.39418310619
"901","26029",12150.7355819521
"902","26033",3539.21941031905
"903","26035",2097.15939241191
"904","26038",13375.4910815907
"905","26039",10763.1974420103
"906","26040",26421.2805423322
"907","26041",107997.991288614
"908","26043",13467.8001493026
"909","26045",2663.44502898468
"910","26046",734.879999999999
"911","26048",9584.2146416031
"912","26050",8022.81074249742
"913","26056",2586.98486571879
"914","26057",196.798333333333
"915","26059",1762.24193230928
"916","26065",432.192960372989
"917","26066",11279.5130127956
"918","26067",5045.01116497784
"919","26069",5239.42985747289
"920","26071",17354.5415814867
"921","26072",4734.8526444275
"922","26074",11936.3446960608
"923","26075",4774.45999984486
"924","26076",9959.39333876588
"925","26077",6585.08534504302
"926","26079",55299.0925528704
"927","26080",9147.88783109722
"928","26081",18870.2306157263
"929","26082",381827.690717191
"930","26088",1630.12977110389
"931","26089",4464.43978481919
"932","26091",2661.07210931885
"933","26093",9143.10699424166
"934","27001",1022.09560386473
"935","27005",16966.7364988284
"936","27006",13251.2643890539
"937","27007",3654.85653329426
"938","27014",31.55
"939","27017",60.6694308087891
"940","27020",35.79
"941","27022",16647.2360464752
"942","27023",357.823158234785
"943","27026",809.436422549181
"944","27027",3150.06197938917
"945","27028",20205.4782892797
"946","27031",235.403174342105
"947","27033",566.952727272727
"948","27034",9701.34650050241
"949","27039",424.445091722816
"950","27044",175.66
"951","27046",250.93
"952","27047",124.031471297038
"953","27052",410.909648786717
"954","27053",354.324322901735
"955","28001",244.944798534799
"956","28002",418.190215053763
"957","28003",1052.31186248157
"958","28004",418.189598997494
"959","28005",897.193279621458
"960","28006",77.2399999999998
"961","28007",57.46
"962","28011",1213.71818706541
"963","28013",427.037495437005
"964","28014",333.259223880597
"965","28018",1179.28419051621
"966","28019",171.12
"967","28024",28.27
"968","28027",4356.40849517962
"969","28034",25879.1102109517
"970","28036",4960.15292074305
"971","28042",11242.7789245223
"972","28043",1273.56261016998
"973","28044",585.16781724924
"974","28045",35349.5250869602
"975","28046",288.84
"976","28047",601.498666666666
"977","28048",668.316935817805
"978","28051",6085.35734346747
"979","28052",5665.53332734046
"980","28056",93180.4292191458
"981","28068",2593.57615147466
"982","28070",466.633582792208
"983","28077",139.279637856091
"984","28080",642.736558441558
"985","29003",27647.6749324889
"986","29004",2099.22901715213
"987","29006",204.78
"988","29008",5198.53571008642
"989","29010",244272.305444756
"990","29013",68990.087106104
"991","29016",110.66
"992","3003",25749.807649666
"993","3004",457.397250348273
"994","3005",31326.8248095293
"995","3006",11296.707279848
"996","3007",142.18
"997","3008",9363.3461561028
"998","3010",2434.12680349933
"999","3014",17688.3999899696
"1000","3015",31819.097089208
"1001","3016",105048.28895132
"1002","3019",35.4099999999999
"1003","3020",1429.5305591152
"1004","3021",3240.28625575139
"1005","3022",267255.125911353
"1006","3023",30594.7875255638
"1007","3024",124.452105263157
"1008","3025",75654.9145031594
"1009","3026",4402.93091646951
"1010","3027",9435.79688214469
"1011","3029",52992.3007895329
"1012","3032",116280.684071394
"1013","3033",8109.40559296148
"1014","3035",1653.44123052331
"1015","3037",50759.5378899348
"1016","3038",524.39362064522
"1017","3042",41.9724096385542
"1018","3044",793.64
"1019","3047",4852.20641456746
"1020","32001",12000.9760376517
"1021","32002",124771.749344527
"1022","32003",3989.46799179737
"1023","32005",6063.2490801666
"1024","32007",823.26
"1025","32008",6797.60962118538
"1026","32009",686.630900449364
"1027","32010",6951.84440010167
"1028","32012",12538.2350202662
"1029","32013",572.799999999999
"1030","32015",14070.2712542841
"1031","32016",887.975218253968
"1032","32017",6958.46630213883
"1033","32019",2120.87
"1034","32020",222.311392187431
"1035","32021",12420.661929619
"1036","32023",21249.587452801
"1037","32024",824.096190476189
"1038","32025",5004.53397833973
"1039","32027",316.485532383466
"1040","32033",784.7
"1041","33001",62175.9658527196
"1042","33002",123.219999999999
"1043","33003",3878.73921641413
"1044","33004",3424.94013508599
"1045","33005",1629.32571428571
"1046","33006",1385.28906944444
"1047","33008",35367.5283934736
"1048","33009",16109.0823100171
"1049","33010",23790.9198372513
"1050","33011",691.7
"1051","33012",105939.897603876
"1052","33013",6024.99183696536
"1053","33014",276261.119986237
"1054","33015",113136.979557908
"1055","33016",121.47
"1056","33017",1794.12400840744
"1057","33018",7086.46561096481
"1058","33019",2717.02321890697
"1059","33020",7255.63057986618
"1060","33022",3529.45625319422
"1061","33023",129.929999999999
"1062","33025",8335.98361011958
"1063","33027",10302.4372972395
"1064","33028",21061.4707467215
"1065","33029",861.589443892749
"1066","33030",79.84
"1067","33031",1618.94
"1068","33032",2739.8543361441
"1069","33033",6724.7888585254
"1070","33034",12120.4278206765
"1071","33037",18741.5028452131
"1072","33038",10260.9254092813
"1073","33039",105967.325906396
"1074","33040",3385.41800706789
"1075","33041",7592.04004547307
"1076","33042",12526.2660262528
"1077","33043",10635.8900212476
"1078","33044",2243.24520342319
"1079","33045",4674.41001291027
"1080","33046",395.66
"1081","33047",832.698274159105
"1082","33048",5293.77760312722
"1083","33049",724.569999999999
"1084","33050",7511.32369548847
"1085","33052",2163.86793686796
"1086","33053",41081.5180518216
"1087","33055",900.031364167564
"1088","33056",4406.27838394206
"1089","33057",40790.8612270046
"1090","33058",5655.67284876033
"1091","33059",939.019999999999
"1092","33060",21145.6025517853
"1093","33063",4467.75636953023
"1094","33064",2984.9645626068
"1095","33065",296.82
"1096","33066",267.86
"1097","33067",27223.6005215007
"1098","33068",297.463588235294
"1099","33069",14
"1100","33070",87977.3428756394
"1101","33073",408.993333333333
"1102","33074",24777.5931933512
"1103","33075",41456.4474527971
"1104","33077",31918.2337745282
"1105","33078",7887.36147869074
"1106","33079",5583.96671847601
"1107","33080",499181.612828219
"1108","33081",4999.83333571962
"1109","33082",17696.8676229346
"1110","33084",1937.18698373686
"1111","33085",9557.60122218298
"1112","33086",698.555555555555
"1113","33087",380.908636363635
"1114","33088",34354.2083034166
"1115","33089",27160.4470200801
"1116","33090",1608.94977777778
"1117","33091",5921.46410920588
"1118","33092",1868.78797495116
"1119","33093",910.589999999998
"1120","33094",1957.51955960238
"1121","33095",21177.9524561555
"1122","33096",9005.20216578526
"1123","33097",509.011351035891
"1124","33098",10096.2411087671
"1125","33099",7556.20429545567
"1126","33100",5841.47396967495
"1127","33101",38346.8053617996
"1128","33102",3812.61366811387
"1129","33103",2998.69970588235
"1130","33104",53637.639852128
"1131","33105",2465.48055845262
"1132","33106",20644.8495547019
"1133","33107",52201.1415158079
"1134","33108",18086.4977167091
"1135","33109",4284.07072045372
"1136","33111",9859.35550554136
"1137","33112",4614.99602852681
"1138","33113",14784.4228295243
"1139","33114",255.319999999999
"1140","33116",33345.0836511484
"1141","33117",473.704337749523
"1142","33118",11262.6385997047
"1143","33119",280.009999999999
"1144","33121",68094.4937202043
"1145","33122",18042.313017918
"1146","33123",9971.99903363853
"1147","33124",8651.07363919888
"1148","33125",97427.453484875
"1149","33127",13817.1009864093
"1150","33128",39567.0913891482
"1151","33130",11724.6813163768
"1152","33132",1444.55691666667
"1153","33133",270.695939357253
"1154","33135",5930.22251638508
"1155","33136",1794.54663535387
"1156","33137",68183.537036933
"1157","33139",44374.260396791
"1158","33140",24803.1048972794
"1159","34001",2779.60197616033
"1160","34002",6855.70908652064
"1161","34004",4803.51403414252
"1162","34005",65850.6116921255
"1163","34010",6759.20960174167
"1164","34011",305.219999999999
"1165","34013",1454.48305444719
"1166","34014",14152.8513047674
"1167","34015",21541.6523673364
"1168","34016",210618.124263043
"1169","34017",3707.31646041175
"1170","34018",9842.3454993938
"1171","34019",417.059601335402
"1172","34020",12488.5365797162
"1173","34021",339.429999999999
"1174","34024",116820.795904742
"1175","34025",1992.75745098039
"1176","34026",1406.60572508615
"1177","34027",6338.82061062712
"1178","34028",267.07
"1179","34029",4593.40517908135
"1180","34031",37981.2074756803
"1181","34033",2266.22779882132
"1182","34034",31567.1174955813
"1183","34035",32436.9690708105
"1184","34036",37980.9779772179
"1185","34037",69428.699915651
"1186","34038",3315.1204153915
"1187","34039",5915.66587027774
"1188","34040",9047.27603792328
"1189","34041",29846.9211305108
"1190","34042",21185.8003945409
"1191","34043",2152.24360956274
"1192","34044",7772.3534862639
"1193","34045",3
"1194","34046",53.37
"1195","34047",4620.89189563298
"1196","34048",8973.28418420627
"1197","34049",6508.6192601774
"1198","34050",802.111458333332
"1199","34051",4168.68360839756
"1200","34052",5415.47003589549
"1201","34053",3006.20078160142
"1202","34054",15647.537993662
"1203","34055",851.982141738451
"1204","34056",319.438671016569
"1205","34057",7334.80322987741
"1206","34058",5746.24780432484
"1207","34059",3696.55236735968
"1208","34060",6671.26446557519
"1209","34061",2251.14993291712
"1210","34062",909.414820529428
"1211","34063",24235.0891778353
"1212","34064",13129.4057068023
"1213","34065",938.273266802986
"1214","34066",54524.8767669768
"1215","34068",139656.338174623
"1216","34070",3736.44966434775
"1217","34071",2744.45278079985
"1218","34072",16094.5763354264
"1219","34074",2476.47543372542
"1220","34075",10970.2357236737
"1221","34076",17385.0109474683
"1222","34079",9616.94828582376
"1223","34081",11251.1115152331
"1224","34082",9989.26095397219
"1225","34083",3370.94188564479
"1226","34084",2921.07945695719
"1227","34085",9531.82456866753
"1228","34086",1414.02155848546
"1229","34087",5628.0788334508
"1230","34088",3408.56443029406
"1231","34089",1418.13903148547
"1232","34090",1236.18633279869
"1233","34092",989.923961810465
"1234","34093",1023.85493793008
"1235","34095",781.149999999999
"1236","34096",1292.98274193548
"1237","34097",67630.0673087503
"1238","34098",18728.6885828102
"1239","34100",64004.9415204472
"1240","34102",121.8
"1241","35001",953.445959213997
"1242","35002",34044.8460482169
"1243","35010",222.71
"1244","35011",1459.95335136899
"1245","35014",47920.0359925816
"1246","35017",13553.4298131047
"1247","35027",556.211935483871
"1248","35031",3166.88413716861
"1249","35038",48.52
"1250","35043",2079.29983112373
"1251","35045",1663.3117344439
"1252","36001",52152.1665934852
"1253","36002",3276.48110601088
"1254","36004",335.459999999999
"1255","36005",8741.20243731068
"1256","36006",7382.61281375648
"1257","36007",7951.90336669703
"1258","36009",7306.28473861987
"1259","36010",7074.95925632641
"1260","36012",4088.50479211353
"1261","36013",1742.06751749539
"1262","36014",1724.9571706341
"1263","36015",4823.13295477576
"1264","36016",7398.49055672445
"1265","36017",748.109999999999
"1266","36019",5106.45478541283
"1267","36020",30281.1217041053
"1268","36021",3899.66250776982
"1269","36022",11873.19651862
"1270","36023",145275.308138309
"1271","36024",641.872573028636
"1272","36025",205094.195248847
"1273","36026",5311.89054184704
"1274","36027",163927.264835046
"1275","36029",2064.94433612346
"1276","36032",68730.3457598589
"1277","36033",2950.42357312978
"1278","36034",1139.7270891487
"1279","36035",1114.75701116836
"1280","36036",4130.43931508084
"1281","36037",10532.6966268664
"1282","36038",8479.60888759151
"1283","36039",273.734117647058
"1284","36040",11189.2356105116
"1285","36042",459.904090909091
"1286","36044",12951.200064609
"1287","36045",7158.11359455114
"1288","36047",9167.90990911184
"1289","36049",3190.52638373814
"1290","36050",21786.2317083078
"1291","36053",4043.89551457539
"1292","36054",2224.43065454545
"1293","36055",53001.0268681058
"1294","36056",1786.76
"1295","36057",11464.4409841837
"1296","36058",52220.5191795421
"1297","36060",372.828701923077
"1298","36061",171.248013513513
"1299","36062",15479.0644375852
"1300","36064",16741.2124956658
"1301","36065",9970.23680610756
"1302","36066",9757.1376490365
"1303","36067",1464.78643132953
"1304","36068",3781.16000612743
"1305","36069",6380.13112579087
"1306","36070",11793.7525841275
"1307","36071",8238.7507737967
"1308","36072",3663.91354134697
"1309","36074",11524.7065592807
"1310","36075",641.983480392157
"1311","36076",444.652141779789
"1312","36077",2807.23795465117
"1313","36079",412.29
"1314","36080",10228.3358956967
"1315","36081",7618.08314447288
"1316","36083",2138.62022996628
"1317","36084",18312.1730075248
"1318","36085",875.851430551221
"1319","36086",383.334954022988
"1320","36087",16350.2494126434
"1321","36088",22690.5506305867
"1322","36089",17.67
"1323","36091",205.219601265995
"1324","36092",69.2799999999998
"1325","36093",25284.4350070659
"1326","36094",6037.56918747773
"1327","36095",5962.84338976401
"1328","36096",3719.21363839298
"1329","36098",3951.80587703345
"1330","36099",30998.7486768752
"1331","36100",554.737842177967
"1332","36101",10199.508148333
"1333","36102",9537.24471719865
"1334","36103",4974.57681333077
"1335","36104",111534.259601814
"1336","36105",7657.46768572027
"1337","36106",478.558093097193
"1338","36107",1387.77183333333
"1339","36108",5097.23290278668
"1340","36109",179.43
"1341","36110",20397.2531923373
"1342","36112",3.24
"1343","36113",1164.05187943712
"1344","36116",2783.71117884156
"1345","36118",13408.2089459158
"1346","36120",6420.56559916167
"1347","36121",1884.46895334648
"1348","36122",619.427160493827
"1349","36123",53284.4405891403
"1350","36124",23512.6042327287
"1351","37001",4971.39883219504
"1352","37002",9182.39606926115
"1353","37006",13848.8276112231
"1354","37007",2067.09697846999
"1355","37008",1581.01422008462
"1356","37019",658.12298729867
"1357","37020",6175.67710363577
"1358","37022",233.219999999998
"1359","37024",1178.33404745835
"1360","37025",4969.97053243919
"1361","37027",10233.3893513924
"1362","37028",210.493076923077
"1363","37029",442.714535464535
"1364","37030",119.44
"1365","37031",8915.91770684332
"1366","37032",1490.29160391374
"1367","37033",230.79
"1368","37035",252.02
"1369","37037",3970.68958590771
"1370","37038",1210.23289620223
"1371","37039",71.27
"1372","37042",165.78
"1373","37043",54.7461498257837
"1374","37044",1927.08822549862
"1375","37048",1149.94507105318
"1376","37049",9489.04154405469
"1377","37051",2374.61236349158
"1378","37054",9781.13456194485
"1379","37056",19127.7714550449
"1380","37058",12505.7936074308
"1381","37059",22884.479840341
"1382","37063",125280.675224251
"1383","37064",2141.2859623122
"1384","37065",6100.52682089982
"1385","37069",671.622260101009
"1386","37070",121.199999999999
"1387","37072",801.254937736238
"1388","37074",1262.84373488798
"1389","37075",1639.58512987013
"1390","37076",387.509753783874
"1391","37080",1748.65517250749
"1392","37082",274.663684210526
"1393","37085",491.777999999998
"1394","37087",1236.17456861273
"1395","37088",98607.6639680347
"1396","37089",28.41
"1397","37090",1121.42519457439
"1398","37093",2786.45176517102
"1399","37097",651.589038253637
"1400","38001",817.565752423095
"1401","38002",12130.4872646315
"1402","38003",6322.14179233175
"1403","38004",1540.558283667
"1404","38006",28767.9071099839
"1405","38010",4663.72724271415
"1406","38012",7685.70794674176
"1407","38013",68.3
"1408","38016",26699.5972994149
"1409","38017",61.6502167993295
"1410","38020",9071.95292085048
"1411","38023",4231.36097484602
"1412","38024",9002.25894792652
"1413","38025",954.569897216967
"1414","38027",3465.76416812133
"1415","38028",1970.75442970411
"1416","38029",59.9699999999996
"1417","38030",3
"1418","38033",3093.69342379336
"1419","38034",19182.8648389173
"1420","38037",1075.51428571429
"1421","38038",33.8542519685039
"1422","38040",7556.36728971668
"1423","38041",3770.92907907795
"1424","38042",3505.04004362362
"1425","38043",94814.6402019148
"1426","38044",689.29
"1427","38045",2216.76213657022
"1428","38047",6738.32938336954
"1429","38048",16005.7434203808
"1430","38050",33.0699999999998
"1431","38051",9127.5256291088
"1432","38054",1040.98
"1433","38055",208.119999999999
"1434","38056",3080.83064821867
"1435","39001",62350.3701443123
"1436","39003",49620.681934206
"1437","39004",32001.0037106079
"1438","39006",2664.36233911983
"1439","39007",2368.2106326171
"1440","39008",40281.3463887065
"1441","39009",1713.01
"1442","39011",4990.14830901621
"1443","39012",9132.42433141436
"1444","39013",961.325177355277
"1445","39015",20898.1434287891
"1446","39016",3730.24980366802
"1447","39017",606.362205882352
"1448","39018",39102.830625028
"1449","39019",964.222058823528
"1450","39020",2231.49578653147
"1451","39021",1856.2982825115
"1452","39022",3074.99543879733
"1453","39024",3973.75140552606
"1454","39025",1526.63
"1455","39028",1294.7375
"1456","39030",1979.57495845557
"1457","39031",14310.419751736
"1458","39032",9049.84007312266
"1459","39033",17321.8869467685
"1460","39034",5106.2231156911
"1461","39035",12007.9403140345
"1462","39036",17100.7546412078
"1463","39037",29128.3399253627
"1464","39039",34.67
"1465","39040",1262.44726407285
"1466","39041",25939.1712971331
"1467","39042",2846.87464107229
"1468","39044",1697.04452215766
"1469","39045",9319.56751623667
"1470","39046",10136.5519528631
"1471","39047",2306.50355664979
"1472","39048",315.818605769231
"1473","39049",4652.15605474524
"1474","39050",10727.4957928496
"1475","39052",6010.7264482381
"1476","39053",33710.8320084273
"1477","39054",795.409282324248
"1478","39055",679.139999999999
"1479","39056",4670.98971815082
"1480","39057",1979.42800703896
"1481","39059",9403.42684605413
"1482","39060",3555.49131725611
"1483","39061",19119.9041684423
"1484","39063",62070.220215601
"1485","39064",27282.4450204547
"1486","39065",3759.79463684322
"1487","39066",1864.8106993007
"1488","39067",8851.46530732325
"1489","39068",3873.73380206694
"1490","39069",9180.81162189334
"1491","39070",3996.26983393101
"1492","39072",3470.82242300339
"1493","39074",36.538
"1494","39075",7157.91964079749
"1495","39077",8255.79978210753
"1496","39079",16454.0814859644
"1497","39080",371.48
"1498","39081",5119.29357610092
"1499","39082",13569.5688758819
"1500","39083",23.57
"1501","39084",1270.39373047356
"1502","39087",4589.73799829193
"1503","39088",8159.81692509298
"1504","39089",876.063846153845
"1505","39090",9021.58260672969
"1506","39092",701.638914728682
"1507","39093",30598.9415965609
"1508","39095",342886.984814803
"1509","39097",6851.76751757285
"1510","39098",168712.879928927
"1511","39099",2513.3967647312
"1512","39100",8765.57081928321
"1513","39101",982.980190416405
"1514","39102",1283.21342894603
"1515","39103",28656.5894342128
"1516","39106",6243.31998304368
"1517","39108",7791.00062332657
"1518","39109",18935.4824008189
"1519","39110",16973.5151867682
"1520","39111",3017.70873345001
"1521","39112",2422.46325881945
"1522","39113",10741.4531404312
"1523","39114",3320.65452755538
"1524","39115",59.37
"1525","39117",1478.08577797669
"1526","39118",9691.73132971415
"1527","39119",4694.40337281144
"1528","39120",59.4799999999998
"1529","39121",658.510321678321
"1530","39122",1838.69430867708
"1531","39124",568.086521739128
"1532","39126",763.664773519161
"1533","39127",4362.86608581896
"1534","39128",9046.82013345242
"1535","39129",3924.58276557476
"1536","39130",3811.74169051367
"1537","39131",11616.0141128965
"1538","39132",3463.09914263551
"1539","39133",1442.66642724049
"1540","39134",3603.20874644946
"1541","39135",11268.068890592
"1542","39136",2142.13464889823
"1543","39137",22932.2266977293
"1544","39138",15075.4977620919
"1545","39139",1085.36217391304
"1546","39140",62775.7795755408
"1547","4001",408.89
"1548","4002",478.069999999999
"1549","4003",24552.1175609856
"1550","4004",1670.90169228758
"1551","4005",13168.8863107211
"1552","4007",7947.60177913287
"1553","4008",190.73
"1554","4011",5641.88665087071
"1555","4013",208.73
"1556","4015",5626.27719405476
"1557","4020",4614.36215803026
"1558","4024",1705.98955903211
"1559","4026",27961.9048743955
"1560","4028",5962.89634123532
"1561","4029",50239.0832128624
"1562","4031",8295.0856507581
"1563","4033",57.4699999999996
"1564","4035",15887.9606993538
"1565","4038",981.867990232999
"1566","4039",38094.1177223079
"1567","4041",115963.737166494
"1568","4042",1580.81630509766
"1569","4045",581.073675213675
"1570","4046",195.768125
"1571","4048",1014.03263157895
"1572","4049",18200.3931550354
"1573","4050",2018.89379633311
"1574","4054",10211.8163265883
"1575","4057",7133.30438252318
"1576","4060",18288.5151883439
"1577","4063",12575.8017420359
"1578","4064",10972.2005461903
"1579","4065",1493.43377941307
"1580","4066",3027.59933925083
"1581","4068",14067.3742157423
"1582","4069",72.97
"1583","4070",991.904794795266
"1584","4075",376.993333333333
"1585","42001",2234.82977987878
"1586","42002",26464.0133993419
"1587","42003",40209.3434219563
"1588","42005",145.2105
"1589","42006",6277.57848464134
"1590","42007",793.439999999999
"1591","42009",3860.9582969034
"1592","42010",79837.3804162331
"1593","42012",1989.7758997409
"1594","42013",1095.062307994
"1595","42014",44913.3667614974
"1596","42015",4713.75494971051
"1597","42017",326.759999999999
"1598","42018",7148.33412481031
"1599","42020",1134.09372372925
"1600","42021",24324.9865590667
"1601","42022",2377.28951148504
"1602","42023",7567.83450680085
"1603","42024",57593.9735564519
"1604","42025",7106.07007654893
"1605","42026",5412.79020933453
"1606","42027",4336.70067118856
"1607","42028",6899.32414966876
"1608","42029",1307.02924931209
"1609","42031",15838.2002211457
"1610","42033",4004.4296794556
"1611","42034",3748.09846940991
"1612","42035",1318.07485
"1613","42036",14289.6913402335
"1614","42038",31750.5954220893
"1615","42039",1281.92476046836
"1616","42040",15852.8872979193
"1617","42041",244.239999999999
"1618","42043",8879.00793634974
"1619","42044",13020.7179308609
"1620","42046",46078.3407450775
"1621","42047",7250.96202251939
"1622","42050",1474.38
"1623","42051",13365.3420615854
"1624","42053",34.0129756097557
"1625","43001",5919.65046746285
"1626","43006",136.804975710513
"1627","43014",57.9189926289926
"1628","43016",517.818181818182
"1629","43017",670.22
"1630","43024",201.048853647739
"1631","43030",1187.68062327364
"1632","43031",104.5
"1633","43034",4631.23144378361
"1634","43036",23063.8831926306
"1635","43039",64945.2013705418
"1636","43041",1741.98064074668
"1637","43042",579.686
"1638","43043",446.67597512719
"1639","43047",31.5699999999997
"1640","43051",7354.88541335379
"1641","43052",477.341156076067
"1642","43053",204.6
"1643","44001",6335.50604649578
"1644","44003",12204.6244856748
"1645","44005",186.96375598086
"1646","44006",391.927997775305
"1647","44008",468.04
"1648","44009",75144.4170611921
"1649","44010",17914.2091615277
"1650","44011",2447.92023323134
"1651","44012",15150.8037668682
"1652","44013",10349.9671260698
"1653","44015",2017.14029793463
"1654","44016",3016.55956507209
"1655","44017",382.306443850816
"1656","44018",5003.12118585106
"1657","44020",10216.9162661536
"1658","44024",4564.05437670247
"1659","44026",44472.9380393348
"1660","44027",45.2852486187845
"1661","44028",3921.54859614055
"1662","44030",9486.28973346356
"1663","44031",345.09
"1664","44033",10210.2537881335
"1665","44036",2392.53372968406
"1666","44037",70449.5317637375
"1667","44038",2312.00569231728
"1668","44039",1842.47619602513
"1669","44041",21290.6833158333
"1670","44042",16137.7218005245
"1671","44043",121036.058304512
"1672","44045",4714.90034912884
"1673","44046",4811.14926996228
"1674","44047",1853.50208212057
"1675","44048",4860.67660906308
"1676","44049",1806.76227277858
"1677","44050",4759.69587719966
"1678","44051",826.048344474153
"1679","44053",15917.6359109824
"1680","44054",7069.33126729408
"1681","44055",6714.15997078281
"1682","44056",7263.96974503332
"1683","44057",4925.8852332308
"1684","44058",2310.43345188716
"1685","44059",149781.837945203
"1686","44060",3675.40013741873
"1687","44061",20107.158209931
"1688","44062",8152.74757110783
"1689","44063",287212.861574768
"1690","44064",851.267450980391
"1691","44065",1474.38030093167
"1692","44066",58.3299999999997
"1693","44067",1292.79040532213
"1694","44068",242.475849056603
"1695","44069",333.97
"1696","44071",2666.96300743353
"1697","44072",376.663279230595
"1698","44074",3183.46510137123
"1699","44075",5927.47999021333
"1700","44076",3039.85910257964
"1701","44077",459.418396288181
"1702","44078",2561.76162428311
"1703","44079",366.096321243523
"1704","44082",2469.760669792
"1705","44083",995.339999999998
"1706","44084",3009.85296263193
"1707","44086",155.97
"1708","44088",19877.937963297
"1709","44089",1589.2828809159
"1710","44090",6912.5345163288
"1711","44091",4798.83565605036
"1712","44093",3703.42669123779
"1713","44096",1456.96977939844
"1714","45001",60582.2222919542
"1715","45003",983.12
"1716","45004",1573.6869626999
"1717","45005",1923.56643736265
"1718","45006",132132.01166062
"1719","45007",3623.05522242072
"1720","45009",1372.41733675222
"1721","45012",80817.37247464
"1722","45014",9717.35356301835
"1723","45016",195467.284105674
"1724","45017",149.98
"1725","45019",1910.416163907
"1726","45020",30110.4522464401
"1727","45021",40070.4588064795
"1728","45022",21847.4906301099
"1729","45023",165.953283582089
"1730","45024",949.686608436396
"1731","45026",6810.38683271451
"1732","45028",1333.29569369206
"1733","45029",198.12
"1734","45031",3946.06325427051
"1735","45034",22658.9272967521
"1736","45035",10806.3170606986
"1737","45036",22717.2661106804
"1738","45038",330.317692307692
"1739","45042",561.84
"1740","45043",5838.32836345204
"1741","45045",34.34
"1742","45049",82.7677007399286
"1743","45052",3447.44667745801
"1744","45053",4538.78884387007
"1745","45055",529.589999999998
"1746","45058",3031.07307242838
"1747","45060",34996.3718196397
"1748","45061",73206.3168758612
"1749","45062",414.383926351029
"1750","45065",855.559999999996
"1751","45066",530.618229101991
"1752","45068",381514.744414585
"1753","45070",12431.2788147022
"1754","45071",1530.33321249983
"1755","45072",1554.88276727878
"1756","45073",35160.6634188849
"1757","45076",470.656794258373
"1758","45080",7017.80244831576
"1759","45081",4880.03676299758
"1760","45083",22193.1502226146
"1761","45086",141290.375108369
"1762","45089",8358.11878856306
"1763","45090",5364.56980946979
"1764","45095",172625.013508969
"1765","45096",4118.14278936073
"1766","45098",1774.46543186661
"1767","45099",10953.3763717885
"1768","45100",9112.86696762502
"1769","45102",11537.3277843669
"1770","45104",1266.71
"1771","45111",7394.53036650547
"1772","45112",1101.16315924109
"1773","45114",16460.45792562
"1774","45115",19311.1825782996
"1775","45116",216.905855572998
"1776","45122",20628.7599504436
"1777","45129",5392.21917165691
"1778","45131",536234.150344657
"1779","45133",9278.84460072804
"1780","45134",2150.22815795943
"1781","45136",12025.2955338837
"1782","45138",1285.94627619051
"1783","45140",737.235204802973
"1784","45142",3546.474915067
"1785","45143",2116.39859528394
"1786","45146",12198.9858997591
"1787","45148",9725.2236406676
"1788","45151",5723.42145081648
"1789","45152",4475.43667905469
"1790","45156",17569.8154474107
"1791","45158",7507.22956192946
"1792","45159",138.81
"1793","45167",10213.8447976576
"1794","45168",37823.9894683491
"1795","45169",17017.1466088752
"1796","45171",154.899978894151
"1797","45173",662.735187124701
"1798","45174",10371.7635765982
"1799","45175",80876.9661158813
"1800","45177",15413.7045000965
"1801","45181",13465.0911664739
"1802","45182",6126.08472754105
"1803","45185",714.34
"1804","45187",3150.70555005605
"1805","45188",211.48
"1806","45189",315.12
"1807","45191",4458.49968620817
"1808","45196",9373.99462720229
"1809","45198",32996.2743453301
"1810","45200",282.32
"1811","45202",15030.9217107961
"1812","45203",704.399393939394
"1813","45204",635.610891767493
"1814","45205",10923.1237312254
"1815","45207",701.625735294115
"1816","45211",56529.3520565126
"1817","45212",77207.8889687301
"1818","45213",965.451006630446
"1819","45218",41.8499999999998
"1820","45221",3795.46746460902
"1821","45224",734.07
"1822","45225",22693.8869554238
"1823","45226",11112.5646609425
"1824","45228",39583.8425518835
"1825","45229",304465.04795339
"1826","45232",7648.41809173318
"1827","45233",8029.19906054069
"1828","45237",16278.8681481199
"1829","45246",3914.1627689421
"1830","45248",2089.32948333333
"1831","45250",14203.3551483357
"1832","45251",14952.5985741092
"1833","45252",781.609166666667
"1834","45253",14604.4136371551
"1835","45254",16427.0560412477
"1836","45257",17605.3497202916
"1837","45260",61800.3454089485
"1838","45261",8485.47105772572
"1839","45263",3002.83258560291
"1840","45264",11898.818730972
"1841","45265",25273.6004301939
"1842","45266",2346.57092407659
"1843","45268",52494.8524219015
"1844","45271",14552.5174710345
"1845","45273",35.7038211382113
"1846","45275",34.2563965681595
"1847","45276",19714.7233250538
"1848","45278",169.000014740294
"1849","45281",576.480064988774
"1850","46001",3949.36186763341
"1851","46002",140.800657894737
"1852","46003",4689.97719813224
"1853","46004",1949.36368432651
"1854","46005",5413.67259311762
"1855","46008",382.04441198706
"1856","46010",715.862570750669
"1857","46011",6743.85598292068
"1858","46012",9926.12916969542
"1859","46014",989.591973214285
"1860","46019",2351.18086206896
"1861","46020",43065.9684451292
"1862","46022",156.800608876999
"1863","46023",3426.8464109872
"1864","46024",694.294342105263
"1865","46025",23418.1359753404
"1866","46026",1868.59705353438
"1867","46028",95417.9498670509
"1868","46030",20712.8516869804
"1869","46033",719.689999999999
"1870","49001",9348.17444316503
"1871","49002",39460.6820980365
"1872","49003",31271.3873143321
"1873","49005",777.549989371596
"1874","49006",6635.79999716389
"1875","49007",63082.0647989283
"1876","49008",36902.1593561587
"1877","49009",419.524487954536
"1878","49010",4673.78999541685
"1879","49011",22192.4410553269
"1880","49012",7420.42255059113
"1881","49013",17973.0644687399
"1882","49014",146398.109524695
"1883","49015",2883.04784156153
"1884","49016",883.964324324323
"1885","49017",44080.4471837009
"1886","49018",3807.92882051282
"1887","49019",1666.23379310345
"1888","49020",3485.45172519783
"1889","49022",449.178159590603
"1890","49023",23939.8368762687
"1891","49024",1921.45113059609
"1892","49026",5400.52094517475
"1893","49027",441.978597095576
"1894","49028",23585.7358549584
"1895","49029",1063.28054621849
"1896","49030",1129.89842105263
"1897","49032",32076.152833237
"1898","49033",26154.259677155
"1899","49034",857.583333333333
"1900","49035",2065.2180092371
"1901","49036",1715.86377272727
"1902","49037",58481.6841013524
"1903","49038",64380.8414395184
"1904","49039",1791.22116472078
"1905","49041",1974.42
"1906","49042",14850.6742836473
"1907","49043",19718.202064639
"1908","49044",2048.71447309834
"1909","49046",22347.1248077894
"1910","49047",4699.69617597156
"1911","49048",124063.91632104
"1912","49049",38213.9065767817
"1913","49050",4025.0778171222
"1914","49051",3434.57285523719
"1915","49052",1913.82610938785
"1916","49053",7110.76782198526
"1917","49054",9509.54315731033
"1918","49055",657.520199368314
"1919","49056",18024.9908147813
"1920","49057",87.4799999999998
"1921","49059",19618.3401392219
"1922","49060",7464.9583707548
"1923","49062",22068.1979711603
"1924","49063",18090.4784152637
"1925","49065",23739.8515498685
"1926","49066",41.4
"1927","49067",382.198507345737
"1928","50001",1034.07253913735
"1929","50002",2267.47363636363
"1930","50003",403.028577046572
"1931","50004",4440.63910861954
"1932","50005",16607.0708461024
"1933","50006",31119.6600223791
"1934","50007",14120.5165552754
"1935","50009",8517.74467814131
"1936","5001",173.85
"1937","50010",465.72
"1938","50011",64.055867768595
"1939","50012",3185.50773126132
"1940","50014",711.29
"1941","50015",1279.02846301445
"1942","50017",254.97
"1943","50018",8943.4589072512
"1944","50019",732.733076923076
"1945","50020",2888.55176918542
"1946","50022",25194.6302390721
"1947","50023",3353.30946849325
"1948","50027",107.169999999999
"1949","50028",10594.1213936319
"1950","50029",31981.2380842194
"1951","50031",5849.39974180491
"1952","50033",1223.15
"1953","50034",315.61
"1954","50035",401.783504086961
"1955","50036",10076.8611717369
"1956","50039",29379.1514335884
"1957","5004",34721.203611251
"1958","50040",125.96
"1959","50042",2183.40135638429
"1960","50044",3475.53801284261
"1961","50045",662.819455321284
"1962","50047",357.350067403108
"1963","50048",15592.0596644393
"1964","5005",14440.885666696
"1965","50050",16474.2091667598
"1966","50051",274.83
"1967","50052",17610.9085781095
"1968","50054",105596.513434767
"1969","50056",1357.24757646489
"1970","50058",6.52
"1971","50059",78308.3465015419
"1972","5006",11886.1498314171
"1973","50060",199.28
"1974","50061",36990.5428484581
"1975","50063",39.03
"1976","50064",13609.8337667914
"1977","50065",5983.70174171889
"1978","50066",8060.32644843321
"1979","50067",231.58636143112
"1980","50068",27480.5856479636
"1981","5007",35124.1811546953
"1982","5008",6105.16613039771
"1983","5009",9247.11178849243
"1984","5012",18502.9153277627
"1985","5015",92140.5431208208
"1986","5017",4441.54391943544
"1987","5018",586.605368603105
"1988","5019",550.449958419958
"1989","5020",7102.17409434751
"1990","5021",861.354679180468
"1991","5022",73.57375
"1992","5023",880.4
"1993","5024",3410.87459519405
"1994","5028",49296.4093531069
"1995","5029",20126.2737092673
"1996","5031",5019.58099236811
"1997","5032",20662.6980423289
"1998","5033",10940.3671544008
"1999","5034",16508.5813730705
"2000","5037",35970.1052315369
"2001","5038",8248.96021572183
"2002","5040",25472.4470102582
"2003","5041",1257.08354775706
"2004","5043",922.157367038341
"2005","5044",253.099
"2006","5045",11259.9411101796
"2007","5047",5241.2621474226
"2008","5048",384.48
"2009","5050",9372.24717144803
"2010","5052",169.961094014906
"2011","5053",32297.9813016129
"2012","5054",3092.91797842915
"2013","5055",7242.49930352433
"2014","5056",4255.01461680029
"2015","5057",626.092830171755
"2016","5059",26489.7418018555
"2017","5060",7354.73680724316
"2018","5062",78979.9411037025
"2019","5063",9913.52820699594
"2020","5064",22429.0402373547
"2021","5065",12260.4025962875
"2022","5066",22547.7464726381
"2023","5068",9592.64773837789
"2024","5069",30.75
"2025","5070",1864.19254832114
"2026","5071",6834.38911957083
"2027","5072",4322.9209455876
"2028","5073",75.7
"2029","5074",126.949954198473
"2030","5075",16947.5056638004
"2031","5077",33695.0747615086
"2032","5078",108425.904099138
"2033","5079",28640.2202354199
"2034","5081",6625.85099669618
"2035","5082",9729.06970705372
"2036","5083",849.705304347826
"2037","5084",94685.540726422
"2038","5085",4914.61114398857
"2039","5086",2866.31610631262
"2040","5087",6744.44629250285
"2041","5088",20787.5277442116
"2042","5090",314.87
"2043","5091",12958.3377996658
"2044","5092",6006.05360949015
"2045","5095",1150.961
"2046","5096",1086.2810946257
"2047","5097",13918.1955797505
"2048","5098",5639.47672436218
"2049","5100",4975.64730822188
"2050","51001",14051.2878489118
"2051","51003",14807.4397981827
"2052","51004",1109.81148148148
"2053","51005",43707.3032072707
"2054","51006",24397.2506829237
"2055","51007",574.31
"2056","51008",16055.2666747893
"2057","51010",2808.50815311884
"2058","51013",1626.64428471321
"2059","51014",44390.0211145039
"2060","51015",1977.35508203849
"2061","51017",193.937923083997
"2062","51018",7598.06629104372
"2063","5102",10185.7439494732
"2064","51022",5788.45663049867
"2065","51023",2803.46752636164
"2066","51024",21040.8078702528
"2067","51025",4590.5751000184
"2068","51026",397.899999999999
"2069","51027",15577.6313532156
"2070","51028",2124.77652215358
"2071","51029",939.979239766082
"2072","5103",16768.5173807645
"2073","51030",4700.68995566809
"2074","51031",16674.4334175975
"2075","51032",1910.79
"2076","51035",485.47
"2077","51036",6135.16744463041
"2078","51038",4679.90408918805
"2079","51039",325.372545056775
"2080","5104",4025.79682392274
"2081","51040",4815.85919403948
"2082","51042",11408.0928398389
"2083","51043",1875.60537537176
"2084","51044",15215.6963757218
"2085","51045",1531.04969347868
"2086","5105",333.633414634146
"2087","5106",500.629999999999
"2088","5108",44496.2502455119
"2089","5109",28600.5576983254
"2090","5112",44164.410548737
"2091","5115",6024.47121430706
"2092","5116",4215.87539117914
"2093","5117",70545.5614173224
"2094","5119",4789.7476170873
"2095","5120",20927.50639901
"2096","5121",24878.1616128999
"2097","5122",5310.98408884754
"2098","5124",38838.2594107262
"2099","5125",12438.0706916148
"2100","5126",266544.871479964
"2101","5127",693.85
"2102","5130",8176.97249448695
"2103","5131",12417.9834481662
"2104","5133",4662.90941974335
"2105","5136",186.31
"2106","5137",4573.25008864654
"2107","5138",7203.44299733358
"2108","5139",20555.1257481778
"2109","5140",26070.4668867101
"2110","5141",40584.2975343344
"2111","5144",21962.589299572
"2112","5145",10092.5336919264
"2113","5148",63.24
"2114","5149",44555.268474512
"2115","5150",10157.9382841228
"2116","5151",823.08
"2117","5155",48274.6286752278
"2118","5157",18016.2956655281
"2119","5158",2779.5680131443
"2120","5159",901.639929903637
"2121","5160",838.538561845464
"2122","5161",15640.6322404839
"2123","5162",19418.2032264693
"2124","5165",43970.2523362897
"2125","5166",4360.06827783685
"2126","5167",26872.1902289644
"2127","5168",17892.370497313
"2128","5171",10344.3299270808
"2129","5172",4524.72069225307
"2130","5173",8247.21254017094
"2131","5174",20812.0952012579
"2132","5177",3237.32951642357
"2133","5179",719.694586109541
"2134","5180",1994.33545412968
"2135","5182",7888.66210403847
"2136","5183",25111.7859137147
"2137","5185",485.712660818713
"2138","5186",241.143256614504
"2139","5187",3818.2540166587
"2140","5189",36046.0291732395
"2141","5190",8635.2526644443
"2142","5191",49330.9256968417
"2143","5192",14069.7521816149
"2144","5194",10967.7218836832
"2145","5197",1064.13018796992
"2146","5198",26739.027564876
"2147","5199",25325.5530799713
"2148","5200",134605.355295329
"2149","52001",34.6999999999998
"2150","52002",534.170323089645
"2151","52003",43244.66876621
"2152","52004",770.688242658844
"2153","52005",944.345316221979
"2154","52006",56.8199999999995
"2155","52007",1145.1653767253
"2156","52008",686.78
"2157","52009",2582.31827352321
"2158","5201",35267.0708589344
"2159","52010",1532.76782714984
"2160","52011",221.272888888889
"2161","52012",1905.73916300883
"2162","52015",649.24641025641
"2163","52016",719.886451612902
"2164","52018",1107.83018917019
"2165","5202",780.960666666666
"2166","52021",6164.78978165521
"2167","52022",335.76
"2168","52024",134.368720577435
"2169","52025",34.7
"2170","52027",19377.5895564658
"2171","52028",625.624285714285
"2172","52029",3283.28352522121
"2173","5203",8426.85829283098
"2174","52030",1971.94686683158
"2175","52031",1428.07102197358
"2176","52033",1187.35851112719
"2177","52035",40644.9304970688
"2178","52036",280.656370910446
"2179","52037",2134.8978955882
"2180","52039",400.249132866842
"2181","5204",3864.07403979956
"2182","52041",11443.8930278335
"2183","52043",8433.81440029173
"2184","52045",17855.5149672771
"2185","52048",86385.2664342337
"2186","52049",1798.78120168067
"2187","5205",103747.069927379
"2188","52050",7963.75567949263
"2189","52051",15715.2650443643
"2190","52052",59.8099999999996
"2191","52053",733.01036478559
"2192","52054",6388.44960718225
"2193","52055",69.3999999999999
"2194","52056",579.889999999999
"2195","52057",127358.461356043
"2196","52058",6262.90547736545
"2197","52059",15625.4305597294
"2198","5206",4330.02214071124
"2199","52061",483.874790943404
"2200","52062",213.420894780447
"2201","52063",7282.06859682615
"2202","52065",168.36
"2203","52067",15938.9631185596
"2204","52069",856.551242841418
"2205","52072",851.004512212941
"2206","52073",7998.72285645853
"2207","52074",1277.35810370466
"2208","52076",219.92
"2209","52077",17997.9426870357
"2210","52078",155.181073126142
"2211","52079",5622.45830624054
"2212","5208",92097.5937513699
"2213","52080",11459.0333139657
"2214","52081",1530.57865864878
"2215","52082",323.025833333333
"2216","52083",181.83
"2217","52085",3014.19831401047
"2218","52086",166.733076923076
"2219","52089",357.851428571429
"2220","5209",8016.66153851165
"2221","52091",10178.2364938759
"2222","52092",1674.62314506542
"2223","52093",1994.30535803574
"2224","52096",515.22
"2225","52097",451.742857142857
"2226","52098",752.834936182728
"2227","52099",12617.4052194722
"2228","5210",75994.3112009323
"2229","52100",1403.25188747664
"2230","52101",31.8630769230769
"2231","52102",37751.2241434681
"2232","52103",26632.1860309432
"2233","52104",996.539791700394
"2234","52106",332.14
"2235","52107",3234.95771054841
"2236","52108",2803.4640736495
"2237","5211",15947.3597159852
"2238","5212",20333.2843379688
"2239","5213",8924.78422106827
"2240","5214",8601.65420384642
"2241","5215",4314.53839775197
"2242","5218",47544.4337154936
"2243","5219",27185.5477569296
"2244","5221",38657.9100816854
"2245","5222",8806.44879689194
"2246","5223",42283.1947481378
"2247","5224",517.330603383459
"2248","5225",111755.813840252
"2249","5226",857.790950226242
"2250","5227",865.469999999999
"2251","5229",18620.2367023866
"2252","5230",2744.23763551752
"2253","5231",8616.74861093337
"2254","5232",17653.2293071733
"2255","5233",630.7
"2256","5234",16680.2499910016
"2257","5235",3257.02558742832
"2258","5237",51406.9462346015
"2259","5239",23528.5833146806
"2260","5244",14129.9356188231
"2261","5246",4285.20756667337
"2262","5247",47625.2902958966
"2263","5248",130417.030079501
"2264","5249",4902.16385718608
"2265","5250",1262.29616483516
"2266","5251",472.955102040816
"2267","5252",7135.87835615145
"2268","5253",1814.26179591837
"2269","5254",29006.8316289855
"2270","5255",4893.26396389255
"2271","5256",21913.3767831
"2272","5257",8648.81089641427
"2273","5258",60431.6384886523
"2274","5259",13281.1529289446
"2275","5260",58161.2729975255
"2276","5261",65595.3488480574
"2277","5262",66391.9306632345
"2278","5263",8364.25023818797
"2279","5265",17429.7443597828
"2280","5270",14986.2687236037
"2281","5271",19631.779379786
"2282","5272",1852.56128207455
"2283","5274",1338.21
"2284","5278",5909.70043254187
"2285","5282",7234.88071953391
"2286","5287",9476.70559084701
"2287","5288",8668.61229463984
"2288","5289",1708.26627661609
"2289","53003",8983.44811152687
"2290","53004",9443.52987353612
"2291","53005",2761.69891758893
"2292","53007",1025.07484318561
"2293","53008",1795.42476356833
"2294","53010",6693.3999552271
"2295","53012",187.58947368421
"2296","53013",770.564723731883
"2297","53018",73.36
"2298","53019",454.4264
"2299","53020",841.366529132195
"2300","53021",9914.61144095401
"2301","53024",706.290765688155
"2302","53025",58.49
"2303","53026",1006.89038001784
"2304","6002",4919.71670091549
"2305","6003",124.606138116334
"2306","6004",48863.2238413557
"2307","6005",30953.1130326094
"2308","6009",1996.59842646526
"2309","6011",99236.2391245638
"2310","6012",1111.21730918048
"2311","6013",35.5999999999996
"2312","6015",2243.77374323325
"2313","6016",139327.170969279
"2314","6017",6082.99320609505
"2315","6022",31339.2860884666
"2316","6025",4117.27778908823
"2317","6026",10836.6211225448
"2318","6027",8117.67073146023
"2319","6033",386.89
"2320","6035",3352.06280737777
"2321","6036",225.565817350786
"2322","6037",431.207532989368
"2323","6038",5570.87765133962
"2324","6039",2370.30779834135
"2325","6041",323.445775328135
"2326","6042",25052.0466872045
"2327","6043",659.95
"2328","6045",1302.30504854369
"2329","6047",758.420727272727
"2330","6048",148
"2331","6049",4720.4412660203
"2332","6051",411.34
"2333","6052",687.7625
"2334","6053",12453.6778269186
"2335","8001",33777.7746762801
"2336","8002",24034.154602066
"2337","8003",10592.4671579746
"2338","8004",10528.0566220728
"2339","8005",82880.066763301
"2340","9001",176332.305719762
